Location	31564916chr12	59504758chr10	34847430chrX	34847860chrX	42897202chr21	4905186chr30	13552690chr28	13552810chr28	39568448chr10	39568328chr10	34029898chr11	44351369chr3	14488524chr6	22045013chr14	64563007chr4	44642464chr3	35769239chrX	8409245chr8	8409365chr8	33125571chr19
DogWolf00108_S84.CGmap	0.047619048	0.922865014	0.171390013	0.07530648	0.043478261	0.126909518	0.161389173	0.096330275	0.032172471	0.051987768	0.855263158	0.554545455	0.658088235	0.054773083	0.082004556	0.076923077	1	0.043478261	0.109730849	0.394957983
DogWolf00109_S110.CGmap	0	0.930715935	0.152963671	0.03125	0.083333333	0.171189979	0.184745763	0.122418879	0.018195603	0.020033389	0.923076923	0.318181818	0.77037037	0.030959752	0.07523511	0.054054054	0.75	0.105263158	0.117808219	0.479674797
DogWolf00110_S105.CGmap	0.074626866	0.91609589	0.160997732	0.073529412	0.030075188	0.153103448	0.29326288	0.174193548	0.057585825	0.046767538	0.943396226	0.491803279	0.734375	0.023041475	0.10944206	0.196363636	1	0.138297872	0.170483461	0.464480874
DogWolf00111_S89.CGmap	0	0.935727788	0.149597238	0.098214286	0.025423729	0.136144578	0.237096774	0.150116369	0.018518519	0.027855153	0.9	0.528571429	0.793103448	0.032520325	0.057208238	0.073482428	1	0.155555556	0.158808933	0.314285714
DogWolf00112_S88.CGmap	0	0.874418605	0.098290598	0.032679739	0.050251256	0.056179775	0.151131222	0.10430322	0.012573345	0.014285714	0.901098901	0.25	0.614285714	0.012718601	0.00927357	0.155021834	0.8	0.036697248	0.097701149	0.339483395
DogWolf00113_S82.CGmap	0	0.93452381	0.020671835	0.003174603	0.036649215	0.143330572	0.182247403	0.112078978	0.023320158	0.026058632	0.919191919	0.344444444	0.720379147	0.050632911	0.079726651	0.161803714	1	0.038961039	0.077989601	0.363636364
DogWolf00114_S95.CGmap	0	0.921532847	0.127777778	0.030549898	0.057471264	0.126614987	0.1936	0.11161637	0.009577465	0.013959391	0.854545455	0.291338583	0.692771084	0.048140044	0.036697248	0.101648352	0.818181818	0.037037037	0.096114519	0.347031963
DogWolf00115_S56.CGmap	0.046153846	0.876494024	0.081151832	0.051169591	0.029288703	0.129194631	0.23147541	0.14552317	0.021256932	0.025591811	0.89010989	0.333333333	0.56779661	0.033936652	0.020949721	0.132897603	0.823529412	0.051020408	0.152116402	0.423452769
DogWolf00116_S77.CGmap	0	0.88761175	0.025735294	0	0.07253886	0.176007005	0.351053159	0.23231441	0.091222031	0.132894737	0.865853659	0.183098592	0.728110599	0.030595813	0.098187311	0.1898017	0.888888889	0.105691057	0.202003339	0.44549763
DogWolf00117_S48.CGmap	0.022222222	0.871645274	0.255364807	0.072916667	0.066115702	0.045256745	0.140308191	0.086384302	0.017326733	0.02189781	0.903614458	0.192982456	0.577405858	0.030513176	0.008417508	0.176666667	0.9375	0.062706271	0.133774834	0.424324324
DogWolf00118_S58.CGmap	0	0.918954248	0.143876338	0.04638472	0.060240964	0.088848595	0.164094232	0.10998222	0.023465124	0.011014949	0.90625	0.269662921	0.703703704	0.039151713	0.017391304	0.095522388	1	0.033557047	0.102011494	0.349862259
DogWolf00119_S76.CGmap	0.022727273	0.930317848	0.136363636	0.133790738	0.055319149	0.17771639	0.243882545	0.146027743	0.017425743	0.03407155	0.872340426	0.389473684	0.702830189	0.014965986	0.062337662	0.079908676	0.933333333	0.056213018	0.130573248	0.438848921
DogWolf00120_S102.CGmap	0	0.91588785	0.284931507	0.085324232	0.067226891	0.212806026	0.26534296	0.185994398	0.03321256	0.037974684	0.74137931	0.302631579	0.792	0.087179487	0.049751244	0.17370892	1	0.122580645	0.167146974	0.503496503
DogWolf00121_S70.CGmap	0	0.87625	0.069651741	0.042212518	0.122171946	0.177879133	0.287991498	0.178502349	0.043271139	0.070881226	0.911111111	0.348837209	0.781818182	0.072700297	0.067622951	0.127083333	0.928571429	0.077647059	0.166414523	0.496428571
DogWolf00122_S45.CGmap	0.020833333	0.906420022	0.122031122	0.052631579	0.036036036	0.22854641	0.282051282	0.17184466	0.030529172	0.035870516	0.860759494	0.457943925	0.742753623	0.060827251	0.074923547	0.134199134	0.95	0.051051051	0.137658228	0.553892216
DogWolf00123_S59.CGmap	0	0.91080402	0.012755102	0.016393443	0.06010929	0.082457559	0.176082863	0.14527845	0.017307692	0.02292769	0.9375	0.444444444	0.731277533	0.014869888	0.069023569	0.107913669	NaN	0.074324324	0.103986135	0.369863014
DogWolf00124_S107.CGmap	0	0.927835052	0.059190031	0.016949153	0.068627451	0.157522124	0.183150183	0.148395165	0.039677976	0.050561798	0.942307692	0.440677966	0.681415929	0.092909535	0.036613272	0.134408602	0.833333333	0.077844311	0.11820331	0.451219512
DogWolf00125_S75.CGmap	NaN	0.903030303	0.229457364	0.041916168	0.047297297	0.215962441	0.255555556	0.161666667	0.042751843	0.046176046	0.88372093	0.361445783	0.786324786	0.049520767	0.100271003	0.120967742	0.888888889	0.034482759	0.175771971	0.5
DogWolf00126_S103.CGmap	0	0.903669725	0.135005974	0.054669704	0.079365079	0.206677266	0.332432432	0.203508772	0.055700156	0.084033613	0.813953488	0.367346939	0.71875	0.039215686	0.068119891	0.067524116	1	0.06918239	0.171215881	0.46969697
DogWolf00127_S114.CGmap	NaN	0.926199262	0.115273775	0.066666667	0.147540984	0.166666667	0.23373494	0.163196776	0.017038008	0.020761246	0.897435897	0.212121212	0.739583333	0.036065574	0.121212121	0.140243902	0.75	0.162162162	0.175824176	0.518867925
DogWolf00128_S93.CGmap	0.051282051	0.901098901	0.095588235	0.019230769	0.031914894	0.16872428	0.178694158	0.105326877	0.016577061	0.013372957	0.9375	0.518518519	0.737623762	0.028125	0.055028463	0.07761194	0.9	0.059360731	0.105845182	0.440758294
DogWolf00129_S64.CGmap	0	0.90188172	0.010416667	0.003257329	0.06763285	0.094994893	0.287755102	0.185890258	0.030917211	0.042535446	0.9	0.298611111	0.594936709	0.095057034	0.056042032	0.127182045	1	0.08707124	0.165354331	0.389830508
DogWolf00130_S62.CGmap	0	0.887905605	0.010869565	0.020833333	0.127659574	0.106364429	0.228837209	0.141778036	0.05721831	0.080139373	0.860759494	0.29787234	0.6812749	0.052132701	0.061837456	0.130666667	1	0.128813559	0.181964573	0.504310345
DogWolf00131_S49.CGmap	0.03030303	0.927698574	0.121184089	0.052036199	0.059459459	0.200694444	0.229749632	0.148302437	0.024252223	0.032813782	0.890243902	0.297029703	0.678294574	0.06937799	0.089552239	0.103752759	0.928571429	0.108040201	0.14269275	0.479099678
DogWolf00132_S87.CGmap	0	0.920704846	0.010989011	0.003311258	0.05952381	0.12962963	0.16726297	0.122139509	0.012598992	0.014836795	0.917647059	0.347826087	0.652173913	0.038993711	0.047473201	0.12590799	0.8	0.075268817	0.085714286	0.32421875
DogWolf00133_S79.CGmap	0	0.859205776	0.135620915	0.022277228	0.02247191	0.125310174	0.200696056	0.116712496	0.038034865	0.046006944	0.815789474	0.472727273	0.580310881	0.047325103	0.047169811	0.09602649	0.8125	0.087452471	0.170896785	0.415178571
DogWolf00271F_S72.CGmap	0.064516129	0.947887324	0.151869159	0.086036671	0.053763441	0.182310469	0.202688728	0.116800443	0.01183432	0.016654598	0.916666667	0.476510067	0.695473251	0.036188179	0.07550077	0.034858388	0.928571429	0.085820896	0.08373591	0.287272727
DogWolf00304M_S106.CGmap	0	0.923728814	0.034482759	0	0.08045977	0.21642764	0.231617647	0.152749491	0.012919897	0.031446541	0.875	0.657142857	0.709677419	0.038934426	0.031141869	0.046666667	NaN	0.118226601	0.18373494	0.41
DogWolf00473M_S61.CGmap	0	0.937406855	0.022792023	0.008219178	0.051886792	0.2	0.252024291	0.130595863	0.020457698	0.039145907	0.901960784	0.641509434	0.810126582	0.049668874	0.091071429	0.054973822	0.833333333	0.040322581	0.101867572	0.307692308
DogWolf00829F_S109.CGmap	0.090909091	0.940298507	0.131221719	0.018348624	0.023809524	0.181985294	0.230314961	0.128096995	0.010224949	0.013029316	0.842105263	0.543859649	0.722891566	0.041237113	0.058631922	0.054455446	NaN	0.045045045	0.109634551	0.277310924
DogWolf01093F_S100.CGmap	0	0.922680412	0.120689655	0.067716535	0.092198582	0.233817701	0.285714286	0.1872	0.010711225	0.006849315	0.811594203	0.505882353	0.82183908	0.0578125	0.088729017	0.057324841	0.888888889	0.054794521	0.138568129	0.613861386
DogWolf01097F_S91.CGmap	0	0.880165289	0.074188563	0.009242144	0.045454545	0.260290557	0.079674797	0.047566976	0.002299908	0.002430134	0.434782609	0.333333333	0.54589372	0.09352518	0.03869969	0.1	0.8	0.131067961	0.161120841	0.647887324
DogWolf01098M_S78.CGmap	0	0.830449827	0.032163743	0.008438819	0.032258065	0.092284418	0.094094094	0.060216311	0.002568807	0.008411215	0.523255814	0.262135922	0.582857143	0.110223642	0.011574074	0.106598985	0.75	0.060606061	0.074817518	0.524539877
DogWolf01108M_S60.CGmap	0	0.943620178	0.019662921	0.007067138	0.058035714	0.244840525	0.257434155	0.165055762	0.022432527	0.04264214	0.909090909	0.5	0.736434109	0.047566372	0.069792803	0.034602076	0.785714286	0.093939394	0.109195402	0.390052356
DogWolf01116UG12_S99.CGmap	NaN	0.952475248	0.002631579	0.005555556	0.048	0.169172932	0.284353741	0.166883398	0.023809524	0.059504132	0.897058824	0.602941176	0.788571429	0.035460993	0.049618321	0.045977011	0.833333333	0.078313253	0.1325	0.441860465
DogWolf27150_S108.CGmap	NaN	0.779411765	0.110526316	0	0	0.263157895	0	0.031620553	0.019455253	0.037037037	NaN	NaN	NaN	0.023255814	0	0.25	NaN	NaN	0.02	0
DogWolf27152_S116.CGmap	NaN	0.870967742	NaN	0	NaN	0.333333333	NaN	0.132075472	0	0	NaN	NaN	0.25	NaN	0	NaN	NaN	NaN	NaN	0.571428571
DogWolf27153_S28.CGmap	0	0.856020942	0.022099448	0	0	0.097457627	0.142857143	0.132401863	0.067777778	0.056706652	0.952380952	0.0625	0.494505495	0.030769231	0.065217391	0.066176471	NaN	0.028985507	0.084337349	0.293193717
DogWolf27172_S120.CGmap	NaN	1	0.074626866	NaN	0.111111111	NaN	0	0.047244094	0	0	NaN	NaN	NaN	NaN	NaN	0	NaN	NaN	NaN	0
DogWolf27215_S119.CGmap	NaN	0.761904762	0	0	0	0	0	0.044247788	0.18	NaN	NaN	NaN	NaN	0	NaN	NaN	NaN	NaN	NaN	0
DogWolf27216_S124.CGmap	NaN	1	0	NaN	NaN	NaN	NaN	NaN	NaN	NaN	NaN	NaN	NaN	NaN	NaN	NaN	NaN	NaN	NaN	NaN
DogWolf27218_S10.CGmap	0	0.870175439	0.082242991	0.045	0.038461538	0.04288499	0.136363636	0.078361532	0.027975585	0.01993865	0.785714286	0.125	0.591836735	0.02293578	0.049046322	0.199152542	1	0.029411765	0.080786026	0.522580645
DogWolf27219_S12.CGmap	0	0.837837838	0.021505376	0	0	0.11634349	0.110769231	0.134138589	0.011602922	0.022494888	0.909090909	0.360465116	0.348484848	0.044444444	0.090517241	0.173913043	NaN	0	0.08994709	0.312056738
DogWolf27224_S118.CGmap	NaN	0.692307692	NaN	NaN	NaN	NaN	NaN	0.214285714	NaN	NaN	NaN	NaN	NaN	NaN	NaN	NaN	NaN	NaN	NaN	NaN
DogWolf27225_S73.CGmap	0	0.774193548	0.135416667	0	0	0.080882353	0.010752688	0.048387097	0.02173913	0.060913706	NaN	NaN	0.384615385	0.105263158	0.217391304	0.432432432	NaN	0	0.1625	0.042553191
DogWolf27226_S52.CGmap	0	0.81420765	0.016666667	0	0	0.155963303	0.1	0.087443946	0	0	NaN	NaN	0.666666667	0.032258065	0.083333333	0.081632653	NaN	0	0.03125	0.386363636
DogWolf27228_S26.CGmap	0	0.866920152	0.059347181	0.024793388	0.031746032	0.017977528	0.301948052	0.195652174	0.082145282	0.062977099	0.875	0.076923077	0.657894737	0.025641026	0.066326531	0.411764706	NaN	0.033333333	0.219409283	0.281690141
DogWolf27229_S80.CGmap	0.111111111	0.85840708	0.029255319	0	0	0.105263158	0.223175966	0.130636325	0.031290743	0.051009564	0.891304348	0.363636364	0.598639456	0.027568922	0.051401869	0.133079848	1	0.086330935	0.136585366	0.529953917
DogWolf27311_S40.CGmap	0.019230769	0.911821705	0.021238938	0.007614213	0.006451613	0.164976959	0.221631206	0.143261074	0.021136818	0.033171521	0.893333333	0.294117647	0.72243346	0.063988095	0.034003091	0.100671141	1	0.0625	0.11452514	0.37398374
DogWolf27313_S113.CGmap	NaN	0.816254417	0.02919708	0	0.045454545	0.112021858	0.11023622	0.090038314	0.060810811	0.03960396	0.769230769	NaN	0.291139241	0	0.095588235	0.142857143	1	0.065217391	0.142857143	0.148148148
DogWolf27314_S63.CGmap	0	0.82253886	0.002512563	0.006024096	0.019607843	0.054704595	0.134596211	0.122999686	0.038150289	0.073145246	0.829787234	0.154639175	0.387096774	0.026113671	0.065764023	0.194444444	0.75	0.014285714	0.120350109	0.225225225
DogWolf27315_S37.CGmap	0	0.916008615	0.084732824	0.03215169	0.071618037	0.139877301	0.183547846	0.123162424	0.017958412	0.027207107	0.917127072	0.465217391	0.675268817	0.039877301	0.049668874	0.066115702	0.96969697	0.083172147	0.13610586	0.383157895
DogWolf27317_S104.CGmap	0	0.848333333	0.142857143	0.013559322	0.011494253	0.1504	0.242811502	0.144012945	0.049140049	0.066153846	0.863636364	0.232142857	0.415730337	0.028985507	0.04009434	0.138095238	0.833333333	0.086419753	0.111864407	0.338983051
DogWolf27320_S96.CGmap	0	0.901926445	0.088050314	0.028653295	0.076923077	0.136842105	0.185714286	0.125262715	0.021810251	0.038271605	0.947368421	0.409836066	0.676767677	0.021671827	0.045592705	0.137184116	NaN	0.060606061	0.111731844	0.248447205
DogWolf27324_S85.CGmap	0.1	0.867326733	0.017857143	0	0.043478261	0.090415913	0.251028807	0.16914231	0.030922693	0.030640669	0.923076923	0.225806452	0.612903226	0.074433657	0.089020772	0.194029851	NaN	0.072243346	0.133595285	0.517857143
DogWolf27441_S112.CGmap	0	0.918063315	0.119453925	0.038202247	0.048387097	0.175900277	0.172979798	0.157307415	0.042021579	0.0544	0.933333333	0.416666667	0.633802817	0.087378641	0.085995086	0.132478632	1	0.105263158	0.147540984	0.422818792
DogWolf27915_S67.CGmap	0	0.892205638	0.076398363	0.028409091	0	0.170662906	0.217842324	0.131935484	0.017899199	0.024764151	0.870967742	0.378378378	0.736842105	0.029874214	0.04855643	0.173913043	0.933333333	0.103305785	0.15942029	0.518828452
DogWolf27932_S42.CGmap	0	0.843785633	0.007246377	0.016172507	0.055335968	0.090361446	0.185085355	0.127120856	0.023055747	0.038461538	0.897058824	0.24691358	0.677725118	0.034638554	0.082424242	0.151670951	0.8	0.081560284	0.123796424	0.355704698
DogWolf28384_S47.CGmap	0	0.92	0	0	0.06010929	0.190930788	0.13925328	0.096896086	0.018580453	0.023961661	0.903614458	0.404761905	0.704433498	0.029821074	0.040816327	0.096069869	NaN	0.056338028	0.108270677	0.296703297
DogWolf28391_S57.CGmap	0.022222222	0.903333333	0.109067017	0.046460177	0.0375	0.150987224	0.188607595	0.11461794	0.015918958	0.018453427	0.961538462	0.297619048	0.696629213	0.017405063	0.060402685	0.104575163	0.875	0.102040816	0.117256637	0.397435897
DogWolf28455_S115.CGmap	0	0.783653846	0.029069767	0	0.019230769	0.108843537	0.15	0.112597547	0.033980583	0.065217391	0.666666667	0.133333333	0.222222222	0.007633588	0.102564103	0.224489796	NaN	0.14893617	0.172932331	0.254545455
DogWolf28458_S117.CGmap	NaN	0.830258303	0.1352657	0.030769231	0	0.02690583	0.179372197	0.139388489	0.038659794	0.034246575	0.8	0.352941176	0.173913043	0.008849558	0.02027027	0.103448276	NaN	0	0.11971831	0.382978723
DogWolf28466_S94.CGmap	0	0.868421053	0.025641026	0	0.032608696	0.054101222	0.165905632	0.115736505	0.014619883	0.025917927	0.942307692	0.114285714	0.602941176	0.024	0.071197411	0.110294118	0.75	0.067226891	0.117824773	0.333333333
DogWolf28469_S51.CGmap	NaN	0.863475177	0.003448276	0.006430868	0.057324841	0.121495327	0.301136364	0.174329502	0.0419972	0.041526375	0.875	0.375	0.67816092	0.009146341	0.045258621	0.09798995	NaN	0.060869565	0.129562044	0.455252918
DogWolf28478_S43.CGmap	0	0.892141757	0.082304527	0.054716981	0.054545455	0.135773318	0.206896552	0.160586038	0.039685255	0.042889391	0.9	0.381355932	0.607142857	0.031111111	0.080691643	0.090909091	1	0.06424581	0.127198917	0.304195804
DogWolf28479_S46.CGmap	0	0.742222222	0.013461538	0.005141388	0.04494382	0.06083976	0.101102941	0.075418994	0.016315633	0.029664325	0.924242424	0.031578947	0.348993289	0.03785489	0.025773196	0.08490566	0.833333333	0.022321429	0.085048011	0.14516129
DogWolf28480_S41.CGmap	0	0.888268156	0.011709602	0.00729927	0.050761421	0.096774194	0.170152091	0.162040708	0.046749452	0.03036239	0.911504425	0.4	0.681632653	0.044303797	0.052702703	0.125	0.888888889	0.174528302	0.179566563	0.417682927
DogWolf28517_S53.CGmap	0	0.69198895	0.1856018	0.072429907	0	0.101651842	0.090744102	0.081453634	0.007563025	0.025069638	0.965517241	0.058823529	0.258823529	0.013675214	0.035502959	0.060465116	0.875	0.020547945	0.084886128	0.152173913
DogWolf28521_S65.CGmap	0	0.843195266	0.00887574	0	0.018292683	0.144044321	0.097661623	0.066151468	0.022988506	0.046948357	0.830188679	0.095238095	0.544303797	0.016393443	0.041522491	0.078864353	0.833333333	0.006896552	0.059440559	0.142857143
DogWolf28524_S98.CGmap	0	0.870445344	0.010135135	0	0	0.055900621	0.181021898	0.122629583	0.019849418	0.056470588	0.916666667	0.27027027	0.339805825	0.008230453	0.048632219	0.138248848	0.875	0.074468085	0.100502513	0.266990291
DogWolf28525_S90.CGmap	NaN	0.901185771	0.019047619	0.006024096	0.090225564	0.165829146	0.304477612	0.225011206	0.052494802	0.070215176	0.869565217	0.3375	0.64171123	0.025806452	0.08440367	0.177083333	NaN	0.135294118	0.173493976	0.464480874
DogWolf28526_S97.CGmap	0	0.901923077	0.138576779	0.033557047	0.052083333	0.193726937	0.232941176	0.15406809	0.023255814	0.019313305	0.857142857	0.358974359	0.740384615	0.068010076	0.09486166	0.104166667	1	0.045248869	0.104712042	0.44375
DogWolf28527_S122.CGmap	NaN	0.898876404	0.222222222	0	0	0.125	0.091954023	0.116772824	0.011764706	0.012820513	NaN	NaN	0.454545455	0.029411765	0	0	NaN	0	0.086956522	0.307692308
DogWolf28535_S86.CGmap	0	0.896309315	0.225589226	0.1414791	0.064516129	0.100548446	0.311627907	0.180857311	0.054455446	0.05371248	0.8	0.492537313	0.67768595	0.082228117	0.08310992	0.093385214	1	0.1	0.177290837	0.610169492
DogWolf28538_S101.CGmap	0	0.914040115	0.113636364	0.041666667	0.03125	0.160349854	0.20049505	0.160063391	0.03250774	0.016317016	0.923076923	0.355932203	0.669642857	0.035460993	0.06779661	0.132911392	1	0.043478261	0.15408805	0.356060606
DogWolf28540_S69.CGmap	0	0.833043478	0.012295082	0	0.024793388	0.140105079	0.157258065	0.14028611	0.046772069	0.079432624	0.818181818	0.462962963	0.459183673	0.058309038	0.079295154	0.126482213	1	0.013513514	0.141089109	0.22705314
DogWolf28542_S50.CGmap	0	0.869242199	0.017241379	0.004201681	0.015625	0.105331599	0.100621118	0.093126386	0.021231423	0.030075188	0.913043478	0.315068493	0.38172043	0.001869159	0.031088083	0.057034221	0.428571429	0.085106383	0.123425693	0.167420814
DogWolf29573_S66.CGmap	0	0.86409396	0.26618705	0.06935123	0.013245033	0.112058465	0.195902689	0.14362851	0.014897579	0.029377203	0.917808219	0.406593407	0.525210084	0.035608309	0.04743083	0.141666667	0.894736842	0.048076923	0.10359408	0.182692308
DogWolf29574_S74.CGmap	0.035714286	0.914542729	0.139963168	0.06710311	0.035714286	0.172727273	0.284782609	0.180402336	0.041765543	0.06480305	0.902173913	0.447916667	0.796954315	0.034578147	0.059891107	0.085714286	0.9	0.088050314	0.109185442	0.515463918
DogWolf29713_S39.CGmap	0.014925373	0.853116994	0.007886435	0.014836795	0.068259386	0.085227273	0.195402299	0.138184246	0.023515716	0.036021505	0.895652174	0.320224719	0.496350365	0.054600607	0.033118675	0.14453125	1	0.036053131	0.105660377	0.31
DogWolf29714_S92.CGmap	0.043478261	0.87544484	0.002793296	0	0.045454545	0.159059474	0.25203252	0.168646081	0.032883147	0.049180328	0.909090909	0.181818182	0.635294118	0.032941176	0.028571429	0.112149533	1	0.086956522	0.12244898	0.354581673
DogWolf29738_S123.CGmap	NaN	0.736842105	0.081081081	0	0.12	0.024096386	0.164948454	0.073369565	0.030434783	0.036764706	NaN	NaN	0.625	0.01754386	0	0.083333333	NaN	0	0.44	0.263157895
DogWolf29743_S81.CGmap	0	0.845821326	0.010452962	0	0.04	0.048346056	0.252988048	0.132254123	0.039440204	0.051557465	0.872727273	0.069767442	0.541935484	0.022675737	0.039215686	0.162162162	0.833333333	0.179245283	0.306636156	0.439102564
DogWolf29749_S121.CGmap	0.157894737	0.900584795	0.188888889	0.09375	0.023809524	0.160194175	0.2	0.137886598	0.029787234	0.039106145	1	0.434782609	0.716666667	0	0.039473684	0.126315789	NaN	0.055555556	0.092592593	0.428571429
DogWolf31244_S71.CGmap	0	0.883916084	0.107537688	0.023381295	0.047297297	0.143153527	0.135815991	0.112066221	0.019626616	0.032017076	0.873563218	0.207792208	0.63973064	0.00990099	0.033596838	0.085253456	1	0.115384615	0.123809524	0.257575758
DogWolf35509_S54.CGmap	0.048387097	0.859320047	0.126633166	0.021857923	0.056680162	0.055718475	0.232159848	0.157692308	0.021754144	0.015962441	0.915492958	0.076142132	0.614379085	0.028822055	0.04008016	0.145728643	0.833333333	0.093625498	0.221348315	0.433915212
DogWolf35528_S83.CGmap	0	0.868518519	0	0.018018018	0.073333333	0.075566751	0.184352518	0.126888218	0.031881455	0.037796976	0.95	0.232142857	0.584070796	0.002320186	0.04361874	0.132616487	1	0.092537313	0.174351585	0.368421053
DogWolf35530_S55.CGmap	0.035714286	0.883919063	0.248359888	0.066079295	0.017751479	0.092130518	0.215288612	0.156401552	0.058282209	0.073517787	0.923076923	0.162162162	0.514285714	0.01650165	0.04	0.138132296	1	0.09	0.233281493	0.303448276
DogWolf35578_S111.CGmap	NaN	0.932692308	0.143126177	0.03202847	0.045454545	0.004909984	0.185950413	0.119744545	0.077227723	0.057432432	0.905660377	0.053571429	0.58490566	0.268131868	0.048611111	0.18705036	1	0.074074074	0.285714286	0.460869565
DogWolf35583_S68.CGmap	0	0.908296943	0.016901408	0	0.086206897	0.013631938	0.142140468	0.123492396	0.025983146	0.031782946	0.92	0.010638298	0.557788945	0.02970297	0.00750469	0.164772727	1	0.15248227	0.283464567	0.474747475
DogWolf35595_S44.CGmap	0.023255814	0.942648592	0.019230769	0.004310345	0.068548387	0.20782726	0.296726505	0.181583275	0.016335016	0.02501787	0.939655172	0.550847458	0.779850746	0.06159769	0.059684685	0.083333333	1	0.063333333	0.146811071	0.509138381
PK9-01.CGmap	0	0.920273349	0.071823204	0	0.055555556	0.20668693	0.246987952	0.173784978	0.007653061	0.013157895	1	0	0	0	0	0.15	NaN	0	0.074074074	0.235294118
PK9-01_UCLACore.CGmap	0.086956522	0.964028777	0	0	0	0.113924051	0.051724138	0.117043121	0.02284264	0.027522936	NaN	NaN	0.642857143	0	0.181818182	0.466666667	NaN	0	0.050847458	0.253968254
PK9-02.CGmap	0	0.926746167	0.088541667	0.0234375	0.163636364	0.168674699	0.297202797	0.232608696	0.023379384	0.048484848	1	0	0.714285714	0	0.057142857	0.068181818	0	0.12	0.181818182	0.433333333
PK9-02_UCLACore.CGmap	0.052631579	0.875	0.03125	0.042553191	0.066666667	0.145922747	0.133333333	0.15942029	0.073825503	0.114285714	NaN	0.777777778	0.820512821	0.225806452	0	0.052631579	1	0.114285714	0.191666667	0.448979592
PK9-03.CGmap	0.083333333	0.924357035	0.111111111	0	0.085106383	0.082417582	0.225490196	0.122137405	0.125944584	0.135	1	0.272727273	0.785714286	0.083333333	0.112903226	0.315789474	NaN	0.066666667	0.166666667	0.4
PK9-03_UCLACore.CGmap	0.057692308	0.852941176	0.169642857	0	0	0.063829787	0.116666667	0.14559387	0.073741007	0.076433121	0.866666667	NaN	0.571428571	0.111111111	0.102040816	0.117647059	NaN	0	0.157142857	0.344827586
PK9-04.CGmap	0.151515152	0.877532228	0.416666667	0.088709677	0.056338028	0.230142566	0.322751323	0.171818182	0.118619698	0.161931818	1	0.454545455	0.5	0	0.125	0.333333333	1	0.076923077	0.34	0.3
PK9-04_UCLACore.CGmap	0.039215686	0.822157434	0.25748503	0.170212766	0.125	0.236526946	0.191666667	0.135779817	0.085257549	0.104278075	0.954545455	0	0.444444444	0.047619048	0.131147541	0.129411765	1	0.0625	0.178807947	0.5
PK9-05.CGmap	0	0.889816361	0	0	0.071428571	0.108949416	0.218181818	0.126506024	0.025693731	0.024	1	0.5	0.6	0	0	0.097560976	1	0	0.083333333	0.545454545
PK9-05_UCLACore.CGmap	0.015151515	0.878612717	0.015384615	0	0.1	0.046875	0.092592593	0.039484287	0.009940358	0	0.947368421	0.375	0.416666667	0	0.021276596	0.12195122	NaN	0.055555556	0.056451613	0.442857143
PK9-06.CGmap	0	0.84991274	0	0	0.060240964	0.067285383	0.178217822	0.114634146	0.010834236	0.015317287	1	NaN	0.285714286	0	0.081967213	NaN	0	0.068965517	0.125	0.619047619
PK9-06_UCLACore.CGmap	0	0.82629108	0.016666667	0.058823529	0.194444444	0.038461538	0.256410256	0.155507559	0.032646048	0	0.833333333	NaN	0.5	0.078947368	0.023809524	0.02	NaN	0	0.126582278	0.327868852
PK9-07.CGmap	0	0.933460076	0.212389381	0.175572519	0.020408163	0.278688525	0.318181818	0.227777778	0.02615193	0.040963855	1	0	1	0.058823529	0.066666667	0	NaN	0.227272727	0.088235294	0.466666667
PK9-07_UCLACore.CGmap	0	0.980582524	0.290697674	0.011764706	0.090909091	0.128	0.268292683	0.162436548	0.031325301	0.044776119	1	0.5	0.5	0.015384615	0.052631579	0.076923077	NaN	0.083333333	0.175	0.704545455
PK9-08.CGmap	0	0.931589537	0.444444444	0.055555556	0.037037037	0.251295337	0.261261261	0.167197452	0.027230047	0.076305221	0.666666667	NaN	0.333333333	0.25	0.035087719	0.136363636	NaN	0	0.072727273	0.666666667
PK9-08_UCLACore.CGmap	0	0.964788732	0.153153153	0.02	0.086956522	0.236686391	0.107692308	0.131474104	0.030023095	0.078014184	0.8	0.25	0.571428571	0.035087719	0.035714286	0.11627907	NaN	0	0.1171875	0.491803279
PK9-09.CGmap	0	0.914893617	0	0	0	0.233009709	0.405405405	0.20746888	0.032994924	0.018292683	NaN	0.5	0.888888889	NaN	0	0	NaN	0	0.235294118	0.25
PK9-09_UCLACore.CGmap	0	0.95	0.027777778	0	0	0.202898551	0.25	0.148325359	0.011235955	0.021052632	NaN	NaN	0.7	0	0	0.1	NaN	0	0.215384615	0.235294118
PK9-10.CGmap	0	0.942279942	0.125925926	0.030769231	0.040816327	0.172506739	0.309178744	0.146969697	0.010940919	0.012658228	0.666666667	0	0.4	0	0.104166667	0	0.75	0	0.171875	0.416666667
PK9-10_UCLACore.CGmap	0	0.965116279	0.109375	0.034482759	0.166666667	0.194690265	0.166666667	0.165289256	0.016286645	0.012820513	NaN	NaN	0.666666667	0.09375	NaN	0.064516129	NaN	0	0.201923077	0.446428571
PK9-11.CGmap	0	0.905797101	0	0	0.046511628	0.221854305	0.068376068	0.089430894	0.014534884	0.030888031	0.75	0.5	0.5	0.043478261	0	0	NaN	0	0.105263158	0.2
PK9-11_UCLACore.CGmap	0.023255814	0.923076923	0	0	0	0.225	0.214285714	0.110927152	0.015772871	0.054794521	0.8	0.142857143	0.636363636	0	0.162162162	0.05	NaN	0	0.051948052	0.356164384
PK9-12.CGmap	0	0.946058091	0.184615385	0.07	0	0.178723404	0.139240506	0.157175399	0.013157895	0.019704433	0.333333333	1	0.5	0	0.037037037	0	1	0	0.209302326	0.2
PK9-12_UCLACore.CGmap	0.03030303	0.939393939	0.085714286	0.121212121	0.083333333	0.086956522	0.071428571	0.138461538	0.045180723	0.027586207	1	0.5	0.6875	0	0	0.142857143	NaN	0.166666667	0.134146341	0.291666667
PK9-13.CGmap	0	0.95256917	0	0	0	0.272727273	0.218390805	0.125	0.019503546	0.059171598	NaN	0.666666667	0.833333333	0	0.052631579	NaN	NaN	0.166666667	0.166666667	1
PK9-13_UCLACore.CGmap	0.090909091	0.957983193	0	0	0	0.135338346	0.5	0.153333333	0.014814815	0	NaN	NaN	0.125	0	0	0.1	NaN	NaN	0.14	0.363636364
PK9-14.CGmap	0	0.909413854	0.025641026	0	0.058823529	0.151162791	0.214285714	0.10534846	0.004360465	0.03117506	1	0.071428571	0.6	0.066666667	0.028571429	0.071428571	1	0.058823529	0.085714286	0.407407407
PK9-14_UCLACore.CGmap	0.027027027	0.94017094	0	0	0	0.12745098	0.086956522	0.101010101	0.007389163	0.007518797	NaN	NaN	0.571428571	0.03	0.040816327	0.121212121	NaN	0	0.042857143	0.34375
PK9-15.CGmap	0.042553191	0.931718062	0	0	0.033333333	0.153846154	0.225490196	0.12371134	0.007915567	0	NaN	0.333333333	0	0.184210526	0.044776119	0.071428571	NaN	0	0	0.692307692
PK9-16.CGmap	0	0.936507937	0.011494253	0	0.052631579	0.208450704	0.134969325	0.097493036	0.035460993	0.074404762	1	0.75	0.25	0	0.024691358	0.093023256	NaN	NaN	0.074074074	0.194444444
PK9-16_UCLACore.CGmap	0	0.956521739	0	0	0	0.017857143	0.054347826	0.094517958	0.00968523	0.007352941	0.833333333	NaN	0.8	0.041666667	0.058823529	0.25	NaN	0	0.063492063	0
PK9-17_UCLACore.CGmap	0.002207506	0.936320755	0.003669725	0.002380952	0.06	0.142162819	0.193793911	0.129906984	0.018066847	0.017952128	0.903409091	0.4625	0.610586011	0.020661157	0.059031877	0.053468208	0.888888889	0.069196429	0.113079019	0.288801572
PK9-18_UCLACore.CGmap	0.036565978	0.921834625	0.167696381	0.053815261	0.059322034	0.144055254	0.240985577	0.175718429	0.035852713	0.046274038	0.860902256	0.447761194	0.688235294	0.076086957	0.10403397	0.133938706	0.9375	0.098522167	0.196959226	0.447860963
PK9-19_UCLACore.CGmap	0.052901024	0.890147225	0.165925926	0.070979335	0.068767908	0.115460656	0.271466667	0.153077328	0.061765255	0.068072289	0.850746269	0.323353293	0.634146341	0.051257253	0.074914869	0.22863485	0.953125	0.087850467	0.20596206	0.468571429
PK9-20_UCLACore.CGmap	0.043250328	0.875077688	0.239012643	0.108085809	0.060483871	0.210402586	0.309021922	0.165005732	0.092463003	0.116591928	0.909502262	0.164319249	0.466216216	0.061759729	0.058634538	0.20836966	0.974358974	0.121900826	0.222767857	0.468952734
PK9-21_UCLACore.CGmap	0.017656501	0.898305085	0.001776199	0.001712329	0.033419023	0.081534772	0.166111376	0.114322581	0.022028689	0.019520852	0.849372385	0.353333333	0.619485294	0.019626168	0.07347876	0.109619687	0.954545455	0.058947368	0.133867277	0.421428571
PK9-22_UCLACore.CGmap	0.0234375	0.895950156	0.003952569	0.003992016	0.060491493	0.081545064	0.211647727	0.145361991	0.023019899	0.030981067	0.844086022	0.359550562	0.575707155	0.059418458	0.052397869	0.162004662	0.9375	0.04556962	0.141146818	0.402250352
PK9-23_UCLACore.CGmap	0.018306636	0.928321678	0.181697613	0.091127098	0.04778157	0.250513347	0.299800797	0.197914404	0.041656396	0.061784897	0.887254902	0.421568627	0.754098361	0.073239437	0.103397341	0.095870206	0.9375	0.066312997	0.137788779	0.617067834
PK9-24_UCLACore.CGmap	0.028077754	0.923173804	0.174825175	0.065921788	0.05862069	0.218974076	0.243673174	0.157382283	0.033232628	0.062256809	0.891752577	0.494252874	0.719409283	0.052801724	0.049943246	0.113456464	0.923076923	0.065909091	0.131955485	0.473076923
PK9-25_UCLACore.CGmap	0.042918455	0.950863214	0	0.013953488	0.058479532	0.178535607	0.309352518	0.177309177	0.027777778	0.064	0.870588235	0.31372549	0.754032258	0.090909091	0.085574572	0.109375	1	0.102222222	0.16166884	0.532467532
PK9-26_UCLACore.CGmap	0.016901408	0.943686007	0.141656663	0.074815595	0.034934498	0.2010551	0.241567912	0.140780413	0.026012415	0.032653061	0.908396947	0.309859155	0.682857143	0.044205496	0.058103976	0.062015504	0.96969697	0.052173913	0.130104463	0.507099391
PK9-27_UCLACore.CGmap	0.034951456	0.911290323	0.009029345	0.006833713	0.03525641	0.172181716	0.24471086	0.133171913	0.025903204	0.038220987	0.949438202	0.307692308	0.628968254	0.041606887	0.067493113	0.132471729	0.916666667	0.077419355	0.140489345	0.467554077
PK9-28_UCLACore.CGmap	0.023728814	0.934782609	0.11627907	0.05313093	0.06875	0.17689243	0.193426043	0.137931034	0.015717779	0.023126735	0.92	0.53164557	0.678431373	0.068965517	0.049689441	0.090024331	0.92	0.07523511	0.108342362	0.455696203
PK9-29_UCLACore.CGmap	0.028776978	0.917867435	0.003787879	0	0.06741573	0.171404682	0.204702628	0.123803446	0.016551724	0.022135417	0.905882353	0.368421053	0.734177215	0.054393305	0.097560976	0.106382979	0.958333333	0.042918455	0.101719198	0.511400651
PK9-30_UCLACore.CGmap	0.016233766	0.940405244	0.02173913	0.024096386	0.058558559	0.135217723	0.157662624	0.100170192	0.012402551	0.01980198	0.893129771	0.470588235	0.595818815	0.057921635	0.040847201	0.108235294	1	0.07239819	0.096	0.331658291
PK9-31001811416564.CGmap	0	0.9168	0.027777778	0	0.068965517	0.147347741	0.195530726	0.122662027	0.01943968	0.013003901	0.777777778	0.413793103	0.614285714	0.044444444	0.041176471	0.088888889	0.75	0.070707071	0.116504854	0.349315068
PK9-31001811416617.CGmap	0	0.950819672	0.044117647	0.081395349	0.333333333	0.08	0.198019802	0.084598698	0.025423729	0.044776119	1	NaN	0	0.033898305	0.035714286	0	NaN	0.272727273	0.230769231	0.375
PK9-31019101705832.CGmap	0	0.9138322	0.19047619	0.11682243	0.028571429	0.207293666	0.180821918	0.135311143	0.028764805	0.0453125	0.857142857	0.2	1	0.01369863	0.028846154	0.072916667	1	0.028169014	0.173913043	0.387755102
PK9-31019101705843.CGmap	0.038461538	0.928286853	0.022900763	0.03030303	0.05	0.212058212	0.229591837	0.139277389	0.026134801	0.050420168	0.837209302	0.6	0.723076923	0.019083969	0.098214286	0.106508876	1	0.13	0.138181818	0.492753623
PK9-31019101705844.CGmap	0.035714286	0.895180723	0.048309179	0.022123894	0.048275862	0.132390746	0.142011834	0.114894971	0.02241504	0.047124047	0.841463415	0.236363636	0.666666667	0.031791908	0.064705882	0.1179941	1	0.053333333	0.163900415	0.33492823
PK9-31019101705846.CGmap	0	0.927184466	0.203007519	0.047337278	0.036585366	0.1952	0.274549098	0.209173037	0.022346369	0.032258065	0.714285714	0.24137931	0.821428571	0.026548673	0.044117647	0.02238806	NaN	0	0.136363636	0.542857143
PK9-31019101705855.CGmap	0	0.886255924	NaN	0	0.06122449	0.111801242	0.125	0.105175292	0.015243902	0.026595745	1	0.277777778	0.375	0	0.043478261	0.11627907	NaN	0.095238095	0.08	0.352941176
PK9-31019101705862.CGmap	0	0.852813853	0.102564103	0	0.076923077	0.067226891	0.25	0.154696133	0.073126143	0.130268199	0.966666667	0.333333333	0.351351351	0	0	0.283018868	1	0	0.260416667	0.4
PK9-31019101705889.CGmap	0	0.917105263	0.151271754	0.061143984	0.0390625	0.167883212	0.227522936	0.145101664	0.03465765	0.065606362	0.826923077	0.269230769	0.736842105	0.063909774	0.084985836	0.146179402	1	0.052238806	0.165680473	0.5
PK9-31019101705915.CGmap	0	0.898100173	0.037383178	0	0.055555556	0.174406605	0.1904	0.119583333	0.037527594	0.048171276	0.866666667	0.47826087	0.673469388	0.021126761	0.012195122	0.08	NaN	0.02	0.133333333	0.38372093
PK9-31019101706282.CGmap	0	0.894056848	0	0.008403361	0.035087719	0.194230769	0.183574879	0.116641902	0.010080645	0.014861996	0.846153846	0.464285714	0.666666667	0.04379562	0.065217391	0.096491228	NaN	0.047619048	0.06557377	0.44
PK9-31019101709932.CGmap	0	0.914285714	0.11814346	0.134920635	0.111111111	0.167241379	0.181818182	0.096534653	0.003663004	0.006369427	1	0.142857143	0.6	0.008	0.041666667	0.106796117	NaN	0	0.135135135	0.340425532
PK9-31019101710408.CGmap	0	0.898734177	0.212121212	0.076923077	0.03125	0.180094787	0.164383562	0.109090909	0.036253776	0.021912351	1	0.642857143	0.727272727	0.036866359	0.055555556	0.24137931	1	0	0.128571429	0.519230769
PK9-31019101710415.CGmap	0.052631579	0.878787879	0.075471698	0.006134969	0.04950495	0.219310345	0.296803653	0.191438763	0.030780781	0.048746518	0.956521739	0.555555556	0.5	0.095588235	0.103942652	0.107843137	NaN	0	0.134146341	0.496062992
PK9-31019101710444.CGmap	0	0.929411765	0.168650794	0.096952909	0.045112782	0.153635117	0.218181818	0.130151844	0.026933702	0.043887147	0.931034483	0.40625	0.79	0.023952096	0.05785124	0.149758454	1	0.112068966	0.166666667	0.502673797
PK9-31019101710460.CGmap	0	0.880701754	0.206489676	0.060344828	0.011494253	0.191176471	0.232505643	0.141830065	0.024253731	0.036585366	1	0.317073171	0.636363636	0.065217391	0.027027027	0.138728324	NaN	0.032258065	0.151515152	0.52173913
PK9-31019101710461.CGmap	0.043478261	0.870220162	0.022082019	0	0.035714286	0.14527027	0.176878613	0.121906169	0.035137318	0.045616536	0.931034483	0.2	0.586206897	0.011331445	0.034261242	0.106761566	NaN	0.153846154	0.188235294	0.347826087
PK9-31019101710463.CGmap	0	0.928571429	0.02189781	0.008196721	0.089108911	0.135135135	0.174551387	0.118504128	0.034134008	0.04109589	0.884615385	0.3	0.441176471	0.044871795	0.01843318	0.06547619	NaN	0.032258065	0.240740741	0.333333333
PK9-31019101710481.CGmap	0	0.918414918	0.144329897	0.041666667	0.0375	0.211480363	0.247030879	0.173154362	0.034775233	0.045958796	1	0.75	1	0.047619048	0.112781955	0.042253521	NaN	0.074074074	0.136363636	0.424242424
PK9-31019101710486.CGmap	0	0.953846154	0.032258065	0	0.02173913	0.1898017	0.275261324	0.180379747	0.032303371	0.030501089	0.75	1	0.5	0.027777778	0.092198582	0.065789474	1	0	0.0625	0.157894737
PK9-31019101710487.CGmap	0.153846154	0.913461538	0.023255814	0	0.012195122	0.089285714	0.309677419	0.177766393	0.061276058	0.067924528	0.846153846	0.266666667	0.444444444	0.054901961	0.049180328	0.183823529	NaN	0.142857143	0.356164384	0.320610687
PK9-31019101710488.CGmap	0	0.925170068	0.293139293	0.075268817	0.055555556	0.14010989	0.273584906	0.162184189	0.024828767	0.036968577	1	0.666666667	0.733333333	0.039473684	0.08	0.166666667	NaN	0.185185185	0.260273973	0.548387097
PK9-31019101710489.CGmap	0	0.841849148	0.255474453	0.019736842	0.044117647	0.128691983	0.147826087	0.134233519	0.026590693	0.056939502	0.9	0.4	0.166666667	0.010638298	0.111111111	0.096774194	NaN	0	0.055555556	0.527777778
PK9-31019101710495.CGmap	0	0.912106136	0.284722222	0.057591623	0.04494382	0.157389635	0.185344828	0.143890094	0.007550336	0.008431703	1	0.303030303	0.722222222	0.037037037	0.048192771	0.068965517	NaN	0.125	0.169491525	0.341463415
PK9-31019101710506.CGmap	0	0.905882353	0.040540541	0	0.042553191	0.218181818	0.380952381	0.244755245	0.021024967	0.047619048	1	0.666666667	0.666666667	0.054421769	0	0.090909091	NaN	0	0.162162162	0.568965517
PK9-31019101710517.CGmap	0.027027027	0.8953125	0.017676768	0.011450382	0.048484848	0.136138614	0.291782087	0.182467162	0.04695583	0.07047619	0.818181818	0.320512821	0.716666667	0.014204545	0.055415617	0.155913978	1	0.067226891	0.167958656	0.36969697
PK9-31019101710521.CGmap	0	0.90167364	0.043956044	0	0.076923077	0.063981043	0.18597561	0.102236422	0.016111708	0.00589391	0.8	0.458333333	0.2	0	0.027027027	0.025	NaN	0.166666667	0.093023256	0.532467532
PK9-31019101710529.CGmap	0	0.905109489	0.013333333	0.015384615	0.033898305	0.031818182	0.178571429	0.142387733	0.041269841	0.035897436	0.894736842	0.454545455	0.717948718	0.035	0.065789474	0.202247191	1	0.071428571	0.171641791	0.322580645
PK9-31019101710531.CGmap	0	0.916839917	0.242290749	0.157894737	0.04494382	0.242805755	0.171532847	0.138659794	0.045391061	0.07277628	0.96	0.666666667	0.625	0.061776062	0.070422535	0.10619469	1	0	0.14084507	0.466666667
PK9-31019101710535.CGmap	0	0.93418259	0.394366197	0.124260355	0.090909091	0.241970021	0.217630854	0.129148629	0.046073298	0.04	1	0.1	0.2	0.060185185	0.101851852	0.129032258	1	0.076923077	0.315789474	0.619047619
PK9-31019101710542.CGmap	0.111111111	0.89800995	0.18028169	0.05988024	0.039473684	0.179054054	0.254237288	0.164280845	0.026522593	0.013916501	0.857142857	0.303030303	0.75	0.056	0.030150754	0.168421053	1	0.12	0.1875	0.340659341
PK9-31019101710544.CGmap	0	0.891089109	0.013888889	0	0.054054054	0.232704403	0.28	0.162276975	0.060690943	0.103646833	0.5	0.5	0.538461538	0.063157895	0.290697674	0.085106383	NaN	0	0.024390244	0.462962963
PK9-31019101710548.CGmap	0	0.930672269	0.076	0.039647577	0.027777778	0.086734694	0.232786885	0.136318408	0.035971223	0.041338583	1	0	0.947368421	0.039215686	0.052083333	0.068965517	NaN	0	0.1	0.403508772
PK9-31019101710565.CGmap	0.027777778	0.907239819	0.256578947	0.129032258	0.111111111	0.170454545	0.255319149	0.158220025	0.0683527	0.093904448	0.833333333	0	0.730769231	0.031358885	0.042328042	0.06918239	0.888888889	0.148514851	0.183823529	0.549618321
PK9-31019101710578.CGmap	0	0.891304348	0.191256831	0.057142857	0.051724138	0.077441077	0.201388889	0.121270452	0.042183623	0.043763676	0.75	0.3125	0.8	0.046296296	0.035294118	0.06122449	NaN	0	0.186046512	0.472727273
PK9-31019101710604.CGmap	0	0.884726225	0.06185567	0.018181818	0.016129032	0.155015198	0.125570776	0.089488636	0.01375	0.013452915	1	0.473684211	0.545454545	0	0.04950495	0.09375	NaN	0	0.088235294	0.348837209
PK9-31019101710618.CGmap	0	0.923076923	0.04057971	0	0.076923077	0.129445235	0.253968254	0.188139932	0.048243002	0.072115385	0.857142857	0.37254902	0.642857143	0.036144578	0.115264798	0.123762376	0.5	0.094827586	0.117647059	0.38547486
PK9-31019101710626.CGmap	0	0.890410959	0.033519553	0	0	0.19047619	0.268229167	0.149582384	0.012163336	0.011986301	0.75	0.24	0.166666667	0.021505376	0.038216561	0.068376068	1	0.058823529	0.260869565	0.47826087
PK9-31019101710855.CGmap	0	0.918196995	0.101593625	0.032258065	0.067226891	0.134646962	0.210431655	0.123970723	0.024197791	0.019633508	0.90625	0.194444444	0.652542373	0.064516129	0.046321526	0.114285714	1	0.052083333	0.115755627	0.526717557
PK9-31019101710891.CGmap	0	0.923076923	0.165662651	0.195652174	0.035087719	0.115577889	0.104895105	0.101983003	0.013468013	0.025280899	1	0.4	0.666666667	0	0.024793388	0.087719298	1	0.103448276	0.102040816	0.393442623
PK9-31019101710908.CGmap	0.125	0.907063197	0.081967213	0.076923077	0.056603774	0.160130719	0.156682028	0.1140553	0.014569536	0.02184466	1	0.375	0	0.1	0.028409091	0.207317073	1	0.042553191	0.218181818	0.327272727
PK9-31019101710918.CGmap	0.083333333	0.875451264	0.041401274	0	0.05	0.122	0.092814371	0.076817558	0.026898734	0.043154762	0.838709677	0.28125	0.7	0.014285714	0.060483871	0.115646259	NaN	0.181818182	0.097560976	0.315068493
PK9-31019101710921.CGmap	0	0.927906977	0.031446541	0	0.049180328	0.170731707	0.141242938	0.085539715	0.01061008	0.021802326	1	0.243243243	0.8	0.025641026	0.048128342	0.071428571	NaN	0.055555556	0.158730159	0.207207207
PK9-31019101710932.CGmap	0	0.8665786	0.146666667	0.073929961	0.065420561	0.186704385	0.164948454	0.122885572	0.020195838	0.018274112	0.888888889	0.424242424	0	0.030487805	0.028	0.151515152	1	0.032258065	0.146067416	0.303370787
PK9-31019101710972.CGmap	0	0.92972973	0.076555024	0.014925373	0.046875	0.123324397	0.279742765	0.155247181	0.023701003	0.016806723	1	0.1875	1	0.076388889	0.021276596	0.057971014	NaN	0	0.136986301	0.333333333
PK9-31019101711056.CGmap	0	0.948148148	0.454545455	0.074074074	0.0625	0.210144928	0.184782609	0.186813187	0.045801527	0.120689655	NaN	0.5	0.75	0.037037037	0	0.454545455	NaN	0	0.333333333	0.625
PK9-31019101711091.CGmap	0.045454545	0.906614786	0.024	0.01910828	0.03539823	0.142857143	0.199376947	0.125808771	0.012720848	0.012547051	0.933333333	0.172413793	0.666666667	0.013215859	0.030888031	0.091428571	NaN	0.052631579	0.116666667	0.582417582
PK9-31019101711134.CGmap	0	0.893506494	0.16066482	0.086330935	0.071428571	0.152610442	0.26443769	0.190779014	0.021133525	0.021069692	NaN	0.2	0.8125	0.034146341	0.04	0.090909091	1	0.076923077	0.170212766	0.371428571
PK9-31019101711135.CGmap	0	0.864224138	0.127753304	0.028455285	0.101010101	0.061567164	0.192200557	0.106711409	0.022196927	0.033594625	0.875	0.102941176	0.416666667	0.004784689	0.028	0.154545455	1	0.029411765	0.151515152	0.283783784
PK9-31019101711248.CGmap	0	0.920303605	0.155932203	0.060422961	0.077777778	0.276119403	0.199004975	0.124383021	0.012077295	0.010660981	0.666666667	0.153846154	0.375	0.05988024	0.088	0.079646018	1	0.035087719	0.197802198	0.5
PK9-31019101711265.CGmap	0	0.922907489	0.181506849	0.05	0.073529412	0.136820926	0.142857143	0.107020548	0.015920398	0.02991453	1	0.375	0.714285714	0	0.041916168	0.091836735	NaN	0.045454545	0.098591549	0.416666667
PK9-31019101711266.CGmap	0	0.86746988	0.197860963	0.009708738	0.053571429	0.148255814	0.130044843	0.128	0.018284107	0.023076923	1	0.5	0.571428571	0	0.158415842	0.081967213	NaN	0.333333333	0.3	0.481481481
PK9-31019101711287.CGmap	0	0.899521531	0.198198198	0.057971014	0.026315789	0.111922141	0.168831169	0.111613876	0.031746032	0.033039648	0.933333333	0.4375	0.4	0.066666667	0.03968254	0.098360656	NaN	0.023255814	0.071428571	0.511111111
PK9-31019101711340.CGmap	0	0.877852349	0.13442623	0.020151134	0.043478261	0.105515588	0.237795276	0.160130719	0.014476615	0.010009099	0.761904762	0.225	0.461538462	0.021621622	0.078431373	0.17037037	NaN	0.044117647	0.116788321	0.25
PK9-31019101711349.CGmap	0	0.929906542	0.12173913	0.204819277	0.074074074	0.20979021	0.276422764	0.165680473	0.014950166	0.028037383	1	0.142857143	1	0.012820513	0.057971014	0.071428571	NaN	0	0.25	0.522727273
PK9-31019101711368.CGmap	0.05	0.903790087	0.109375	0.06746988	0.068965517	0.131648936	0.235747304	0.147153598	0.040341718	0.059190031	0.891891892	0.361702128	0.706666667	0.075630252	0.053571429	0.118644068	0.888888889	0.08125	0.12335958	0.439759036
PK9-31019101711388.CGmap	0	0.915422886	0.052631579	0.007407407	0.022727273	0.089285714	0.234693878	0.168246445	0.013913043	0.045936396	0.75	0.25	0.5	0.032051282	0.055555556	0.162790698	NaN	0.111111111	0.137931034	0.5
PK9-31019101711461.CGmap	0	0.880382775	0.257894737	0.144736842	0	0.163636364	0.295774648	0.150259067	0.044014085	0.054607509	0.777777778	0.222222222	0.5	0	0.04	0.131578947	NaN	0.093023256	0.25862069	0.469387755
PK9-31019101711511.CGmap	0	0.875	0.132394366	0.014035088	0.041666667	0.129750983	0.255874674	0.174273859	0.033634126	0.026986507	0.833333333	0.5	0.628571429	0.074285714	0.01369863	0.1	1	0.042553191	0.133333333	0.352380952
PK9-31201050607652.CGmap	0	0.888704319	0.150561798	0.095348837	0.074074074	0.101219512	0.166454892	0.112885662	0.03115142	0.046247818	0.739130435	0.15	0.65	0.089912281	0.021021021	0.132075472	1	0.071428571	0.204035874	0.37007874
PK9-31201050607653.CGmap	0	0.888382688	0.147869674	0.079225352	0.066666667	0.164544564	0.259117083	0.166525064	0.02647175	0.037477148	0.945945946	0.195652174	0.714285714	0.041884817	0.066810345	0.115068493	0.727272727	0.051282051	0.114713217	0.517928287
PK9-31201050607663.CGmap	0	0.917748918	0.039473684	0.006410256	0.029585799	0.131541726	0.286863271	0.201011804	0.017689906	0.034669556	0.865853659	0.369230769	0.8125	0.030634573	0.043478261	0.082417582	1	0.060869565	0.135638298	0.360465116
PK9-31201050607673.CGmap	0.019607843	0.891954023	0.136363636	0.049327354	0.014285714	0.103942652	0.161094225	0.091292135	0.029776675	0.040064103	0.939393939	0.111111111	0.708860759	0.026595745	0.052083333	0.125714286	1	0.105590062	0.132478632	0.263157895
PK9-31201050607684.CGmap	0.090909091	0.904432133	0.012269939	0.008510638	0.085889571	0.228739003	0.249235474	0.167804527	0.051203501	0.067219153	0.866666667	0.433333333	0.555555556	0.051282051	0.085642317	0.105849582	1	0.116788321	0.202531646	0.313253012
PK9-31201050607692.CGmap	0	0.89375	0.028985507	0.00456621	0.009433962	0.08319739	0.185251799	0.142137878	0.037100457	0.049199085	0.928571429	0.130434783	0.669902913	0.025830258	0.070110701	0.095744681	1	0.007194245	0.101045296	0.50955414
PK9-31201050607695.CGmap	0.142857143	0.896666667	0.168986083	0.124688279	0.062068966	0.174269006	0.347560976	0.199101796	0.052520119	0.068636797	0.938461538	0.3125	0.818965517	0.048929664	0.083870968	0.152815013	1	0.03030303	0.134210526	0.607142857
PK9-31201050607697.CGmap	0	0.874881517	0.013636364	0	0.094674556	0.186315789	0.220915033	0.171972534	0.056506849	0.061335404	0.875	0.313559322	0.732026144	0.045851528	0.060885609	0.15920398	0.666666667	0.095588235	0.202409639	0.44015444
PK9-31201050607820.CGmap	0	0.896124031	0.174876847	0.190322581	0.071856287	0.144472362	0.226037196	0.162332838	0.028971963	0.045862413	0.903225806	0.21875	0.817307692	0.01826484	0.052238806	0.132404181	1	0.106598985	0.136842105	0.440677966
PK9-31201050607821.CGmap	0.041666667	0.900562852	0.015936255	0.020979021	0.020618557	0.225255973	0.196039604	0.143148242	0.026367831	0.014804845	0.944444444	0.388888889	0.702380952	0.041860465	0.088967972	0.084175084	0.75	0.111111111	0.214532872	0.290780142
PK9-31201050607822.CGmap	0	0.874074074	0.018691589	0.015957447	0.047058824	0.201581028	0.151041667	0.10786802	0.043032787	0.066797642	0.875	0.19047619	0.82	0.033057851	0.037558685	0.228	1	0.063492063	0.155251142	0.448275862
PK9-31201050607823.CGmap	0	0.931095406	0.214285714	0.116531165	0.028571429	0.126691267	0.196911197	0.14941064	0.035789474	0.050351288	0.979591837	0.242424242	0.684563758	0.038709677	0.107758621	0.110367893	1	0.056603774	0.144444444	0.23699422
PK9-31201050607825.CGmap	0	0.922437673	0.16730038	0.081699346	0.027272727	0.186403509	0.215419501	0.142620232	0.034801136	0.062394604	1	0.571428571	0.588235294	0.04040404	0.074561404	0.118577075	1	0.068965517	0.131455399	0.424657534
PK9-31201050607827.CGmap	0.1	0.887711864	0.028409091	0	0.050632911	0.103076923	0.171355499	0.152216749	0.042888165	0.073417722	0.703703704	0.342105263	0.623188406	0.06514658	0.063670412	0.23566879	1	0.067567568	0.207692308	0.376811594
PK9-31201050607828.CGmap	0	0.931972789	0.053872054	0.01242236	0.074468085	0.155594406	0.245454545	0.180168216	0.02681764	0.04245283	0.804878049	0.464285714	0.754385965	0.042471042	0.061983471	0.152671756	1	0.071428571	0.15018315	0.396226415
PK9-31201050607829.CGmap	0	0.901408451	0.045751634	0	0.051948052	0.061440678	0.207920792	0.103828683	0.024983563	0.052303861	0.888888889	0.071428571	0.5625	0.018957346	0.044715447	0.119266055	1	0.116788321	0.163636364	0.423728814
PK9-31201050607830.CGmap	0.2	0.93877551	0.062378168	0.018018018	0.040816327	0.129326047	0.215469613	0.111862878	0.034741144	0.040662651	0.836363636	0.293103448	0.75	0.066371681	0.069686411	0.091703057	1	0.244444444	0.17370892	0.339285714
PK9-31201050607843.CGmap	0	0.897822446	0.162886598	0.09352518	0.035971223	0.159459459	0.18358209	0.122619954	0.017169374	0.029867257	0.935483871	0.283018868	0.8	0.010752688	0.090604027	0.088888889	0.947368421	0.011904762	0.070224719	0.312138728
PK9-31201050607844.CGmap	0.066666667	0.845021645	0.05027933	0.004310345	0.055865922	0.043977055	0.189583333	0.128784119	0.025142474	0.041604755	0.881355932	0.114285714	0.5625	0.019543974	0.024604569	0.133126935	1	0.037037037	0.128801431	0.251908397
PK9-31301050607662.CGmap	0.078947368	0.806818182	0.037735849	0.004366812	0.007633588	0.163686382	0.128640777	0.127487352	0.018114259	0.035496957	0.825	0.485714286	0.534351145	0.042145594	0.03196347	0.146579805	1	0.078947368	0.094444444	0.298969072
PK9-31_UCLACore.CGmap	0.029239766	0.948837209	0	0	0.011235955	0.133271202	0.184405941	0.125804564	0.015004413	0.017391304	0.900826446	0.285714286	0.656603774	0.033542977	0.045360825	0.102870813	0.928571429	0.077669903	0.138987044	0.363036304
PK9-32_UCLACore.CGmap	0.00845666	0.923018868	0	0.002544529	0.05362776	0.100609756	0.155052265	0.094863827	0.011304989	0.00997151	0.883040936	0.505263158	0.627539503	0.036144578	0.069111425	0.063037249	0.68	0.1	0.079025111	0.23326572
